,name,constraint,owner
0,Background_VR_fail_LOW_bin_1-1,flatParam,Background_VR_fail_VR_fail
1,Background_VR_fail_LOW_bin_2-1,flatParam,Background_VR_fail_VR_fail
2,Background_VR_fail_LOW_bin_3-1,flatParam,Background_VR_fail_VR_fail
3,Background_VR_fail_LOW_bin_1-2,flatParam,Background_VR_fail_VR_fail
4,Background_VR_fail_LOW_bin_2-2,flatParam,Background_VR_fail_VR_fail
5,Background_VR_fail_LOW_bin_3-2,flatParam,Background_VR_fail_VR_fail
6,Background_VR_fail_LOW_bin_1-3,flatParam,Background_VR_fail_VR_fail
7,Background_VR_fail_LOW_bin_2-3,flatParam,Background_VR_fail_VR_fail
8,Background_VR_fail_LOW_bin_3-3,flatParam,Background_VR_fail_VR_fail
9,Background_VR_fail_LOW_bin_1-4,flatParam,Background_VR_fail_VR_fail
10,Background_VR_fail_LOW_bin_2-4,flatParam,Background_VR_fail_VR_fail
11,Background_VR_fail_LOW_bin_3-4,flatParam,Background_VR_fail_VR_fail
12,Background_VR_fail_LOW_bin_1-5,flatParam,Background_VR_fail_VR_fail
13,Background_VR_fail_LOW_bin_2-5,flatParam,Background_VR_fail_VR_fail
14,Background_VR_fail_LOW_bin_3-5,flatParam,Background_VR_fail_VR_fail
15,Background_VR_fail_LOW_bin_2-6,flatParam,Background_VR_fail_VR_fail
16,Background_VR_fail_LOW_bin_3-6,flatParam,Background_VR_fail_VR_fail
17,Background_VR_fail_SIG_bin_1-1,flatParam,Background_VR_fail_VR_fail
18,Background_VR_fail_SIG_bin_2-1,flatParam,Background_VR_fail_VR_fail
19,Background_VR_fail_SIG_bin_3-1,flatParam,Background_VR_fail_VR_fail
20,Background_VR_fail_SIG_bin_1-2,flatParam,Background_VR_fail_VR_fail
21,Background_VR_fail_SIG_bin_2-2,flatParam,Background_VR_fail_VR_fail
22,Background_VR_fail_SIG_bin_3-2,flatParam,Background_VR_fail_VR_fail
23,Background_VR_fail_SIG_bin_1-3,flatParam,Background_VR_fail_VR_fail
24,Background_VR_fail_SIG_bin_2-3,flatParam,Background_VR_fail_VR_fail
25,Background_VR_fail_SIG_bin_3-3,flatParam,Background_VR_fail_VR_fail
26,Background_VR_fail_SIG_bin_1-4,flatParam,Background_VR_fail_VR_fail
27,Background_VR_fail_SIG_bin_2-4,flatParam,Background_VR_fail_VR_fail
28,Background_VR_fail_SIG_bin_3-4,flatParam,Background_VR_fail_VR_fail
29,Background_VR_fail_SIG_bin_1-5,flatParam,Background_VR_fail_VR_fail
30,Background_VR_fail_SIG_bin_2-5,flatParam,Background_VR_fail_VR_fail
31,Background_VR_fail_SIG_bin_3-5,flatParam,Background_VR_fail_VR_fail
32,Background_VR_fail_SIG_bin_1-6,flatParam,Background_VR_fail_VR_fail
33,Background_VR_fail_SIG_bin_2-6,flatParam,Background_VR_fail_VR_fail
34,Background_VR_fail_SIG_bin_3-6,flatParam,Background_VR_fail_VR_fail
35,Background_VR_fail_SIG_bin_1-7,flatParam,Background_VR_fail_VR_fail
36,Background_VR_fail_SIG_bin_2-7,flatParam,Background_VR_fail_VR_fail
37,Background_VR_fail_SIG_bin_3-7,flatParam,Background_VR_fail_VR_fail
38,Background_VR_fail_SIG_bin_1-8,flatParam,Background_VR_fail_VR_fail
39,Background_VR_fail_SIG_bin_2-8,flatParam,Background_VR_fail_VR_fail
40,Background_VR_fail_SIG_bin_3-8,flatParam,Background_VR_fail_VR_fail
41,Background_VR_fail_SIG_bin_2-9,flatParam,Background_VR_fail_VR_fail
42,Background_VR_fail_SIG_bin_3-9,flatParam,Background_VR_fail_VR_fail
43,Background_VR_fail_HIGH_bin_1-1,flatParam,Background_VR_fail_VR_fail
44,Background_VR_fail_HIGH_bin_2-1,flatParam,Background_VR_fail_VR_fail
45,Background_VR_fail_HIGH_bin_3-1,flatParam,Background_VR_fail_VR_fail
46,Background_VR_fail_HIGH_bin_4-1,flatParam,Background_VR_fail_VR_fail
47,Background_VR_fail_HIGH_bin_1-2,flatParam,Background_VR_fail_VR_fail
48,Background_VR_fail_HIGH_bin_2-2,flatParam,Background_VR_fail_VR_fail
49,Background_VR_fail_HIGH_bin_3-2,flatParam,Background_VR_fail_VR_fail
50,Background_VR_fail_HIGH_bin_4-2,flatParam,Background_VR_fail_VR_fail
51,Background_VR_fail_HIGH_bin_1-3,flatParam,Background_VR_fail_VR_fail
52,Background_VR_fail_HIGH_bin_2-3,flatParam,Background_VR_fail_VR_fail
53,Background_VR_fail_HIGH_bin_3-3,flatParam,Background_VR_fail_VR_fail
54,Background_VR_fail_HIGH_bin_4-3,flatParam,Background_VR_fail_VR_fail
55,Background_VR_fail_HIGH_bin_1-4,flatParam,Background_VR_fail_VR_fail
56,Background_VR_fail_HIGH_bin_2-4,flatParam,Background_VR_fail_VR_fail
57,Background_VR_fail_HIGH_bin_3-4,flatParam,Background_VR_fail_VR_fail
58,Background_VR_fail_HIGH_bin_4-4,flatParam,Background_VR_fail_VR_fail
59,Background_VR_fail_HIGH_bin_1-5,flatParam,Background_VR_fail_VR_fail
60,Background_VR_fail_HIGH_bin_2-5,flatParam,Background_VR_fail_VR_fail
61,Background_VR_fail_HIGH_bin_3-5,flatParam,Background_VR_fail_VR_fail
62,Background_VR_fail_HIGH_bin_4-5,flatParam,Background_VR_fail_VR_fail
63,Background_VR_fail_HIGH_bin_1-6,flatParam,Background_VR_fail_VR_fail
64,Background_VR_fail_HIGH_bin_2-6,flatParam,Background_VR_fail_VR_fail
65,Background_VR_fail_HIGH_bin_3-6,flatParam,Background_VR_fail_VR_fail
66,Background_VR_fail_HIGH_bin_4-6,flatParam,Background_VR_fail_VR_fail
67,Background_VR_fail_HIGH_bin_1-7,flatParam,Background_VR_fail_VR_fail
68,Background_VR_fail_HIGH_bin_2-7,flatParam,Background_VR_fail_VR_fail
69,Background_VR_fail_HIGH_bin_3-7,flatParam,Background_VR_fail_VR_fail
70,Background_VR_fail_HIGH_bin_4-7,flatParam,Background_VR_fail_VR_fail
71,Background_VR_fail_HIGH_bin_1-8,flatParam,Background_VR_fail_VR_fail
72,Background_VR_fail_HIGH_bin_2-8,flatParam,Background_VR_fail_VR_fail
73,Background_VR_fail_HIGH_bin_3-8,flatParam,Background_VR_fail_VR_fail
74,Background_VR_fail_HIGH_bin_4-8,flatParam,Background_VR_fail_VR_fail
75,Background_VR_fail_HIGH_bin_1-9,flatParam,Background_VR_fail_VR_fail
76,Background_VR_fail_HIGH_bin_2-9,flatParam,Background_VR_fail_VR_fail
77,Background_VR_fail_HIGH_bin_3-9,flatParam,Background_VR_fail_VR_fail
78,Background_VR_fail_HIGH_bin_4-9,flatParam,Background_VR_fail_VR_fail
79,Background_VR_fail_HIGH_bin_2-10,flatParam,Background_VR_fail_VR_fail
80,Background_VR_fail_HIGH_bin_3-10,flatParam,Background_VR_fail_VR_fail
81,Background_VR_fail_HIGH_bin_4-10,flatParam,Background_VR_fail_VR_fail
82,Background_VR_fail_HIGH_bin_3-11,flatParam,Background_VR_fail_VR_fail
83,Background_VR_fail_HIGH_bin_4-11,flatParam,Background_VR_fail_VR_fail
84,Background_SR_fail_LOW_bin_1-1,flatParam,Background_SR_fail_SR_fail
85,Background_SR_fail_LOW_bin_2-1,flatParam,Background_SR_fail_SR_fail
86,Background_SR_fail_LOW_bin_3-1,flatParam,Background_SR_fail_SR_fail
87,Background_SR_fail_LOW_bin_1-2,flatParam,Background_SR_fail_SR_fail
88,Background_SR_fail_LOW_bin_2-2,flatParam,Background_SR_fail_SR_fail
89,Background_SR_fail_LOW_bin_3-2,flatParam,Background_SR_fail_SR_fail
90,Background_SR_fail_LOW_bin_1-3,flatParam,Background_SR_fail_SR_fail
91,Background_SR_fail_LOW_bin_2-3,flatParam,Background_SR_fail_SR_fail
92,Background_SR_fail_LOW_bin_3-3,flatParam,Background_SR_fail_SR_fail
93,Background_SR_fail_LOW_bin_1-4,flatParam,Background_SR_fail_SR_fail
94,Background_SR_fail_LOW_bin_2-4,flatParam,Background_SR_fail_SR_fail
95,Background_SR_fail_LOW_bin_3-4,flatParam,Background_SR_fail_SR_fail
96,Background_SR_fail_LOW_bin_1-5,flatParam,Background_SR_fail_SR_fail
97,Background_SR_fail_LOW_bin_2-5,flatParam,Background_SR_fail_SR_fail
98,Background_SR_fail_LOW_bin_3-5,flatParam,Background_SR_fail_SR_fail
99,Background_SR_fail_LOW_bin_2-6,flatParam,Background_SR_fail_SR_fail
100,Background_SR_fail_LOW_bin_3-6,flatParam,Background_SR_fail_SR_fail
101,Background_SR_fail_SIG_bin_1-1,flatParam,Background_SR_fail_SR_fail
102,Background_SR_fail_SIG_bin_2-1,flatParam,Background_SR_fail_SR_fail
103,Background_SR_fail_SIG_bin_3-1,flatParam,Background_SR_fail_SR_fail
104,Background_SR_fail_SIG_bin_1-2,flatParam,Background_SR_fail_SR_fail
105,Background_SR_fail_SIG_bin_2-2,flatParam,Background_SR_fail_SR_fail
106,Background_SR_fail_SIG_bin_3-2,flatParam,Background_SR_fail_SR_fail
107,Background_SR_fail_SIG_bin_1-3,flatParam,Background_SR_fail_SR_fail
108,Background_SR_fail_SIG_bin_2-3,flatParam,Background_SR_fail_SR_fail
109,Background_SR_fail_SIG_bin_3-3,flatParam,Background_SR_fail_SR_fail
110,Background_SR_fail_SIG_bin_1-4,flatParam,Background_SR_fail_SR_fail
111,Background_SR_fail_SIG_bin_2-4,flatParam,Background_SR_fail_SR_fail
112,Background_SR_fail_SIG_bin_3-4,flatParam,Background_SR_fail_SR_fail
113,Background_SR_fail_SIG_bin_1-5,flatParam,Background_SR_fail_SR_fail
114,Background_SR_fail_SIG_bin_2-5,flatParam,Background_SR_fail_SR_fail
115,Background_SR_fail_SIG_bin_3-5,flatParam,Background_SR_fail_SR_fail
116,Background_SR_fail_SIG_bin_1-6,flatParam,Background_SR_fail_SR_fail
117,Background_SR_fail_SIG_bin_2-6,flatParam,Background_SR_fail_SR_fail
118,Background_SR_fail_SIG_bin_3-6,flatParam,Background_SR_fail_SR_fail
119,Background_SR_fail_SIG_bin_1-7,flatParam,Background_SR_fail_SR_fail
120,Background_SR_fail_SIG_bin_2-7,flatParam,Background_SR_fail_SR_fail
121,Background_SR_fail_SIG_bin_3-7,flatParam,Background_SR_fail_SR_fail
122,Background_SR_fail_SIG_bin_1-8,flatParam,Background_SR_fail_SR_fail
123,Background_SR_fail_SIG_bin_2-8,flatParam,Background_SR_fail_SR_fail
124,Background_SR_fail_SIG_bin_3-8,flatParam,Background_SR_fail_SR_fail
125,Background_SR_fail_SIG_bin_2-9,flatParam,Background_SR_fail_SR_fail
126,Background_SR_fail_SIG_bin_3-9,flatParam,Background_SR_fail_SR_fail
127,Background_SR_fail_HIGH_bin_1-1,flatParam,Background_SR_fail_SR_fail
128,Background_SR_fail_HIGH_bin_2-1,flatParam,Background_SR_fail_SR_fail
129,Background_SR_fail_HIGH_bin_3-1,flatParam,Background_SR_fail_SR_fail
130,Background_SR_fail_HIGH_bin_4-1,flatParam,Background_SR_fail_SR_fail
131,Background_SR_fail_HIGH_bin_1-2,flatParam,Background_SR_fail_SR_fail
132,Background_SR_fail_HIGH_bin_2-2,flatParam,Background_SR_fail_SR_fail
133,Background_SR_fail_HIGH_bin_3-2,flatParam,Background_SR_fail_SR_fail
134,Background_SR_fail_HIGH_bin_4-2,flatParam,Background_SR_fail_SR_fail
135,Background_SR_fail_HIGH_bin_1-3,flatParam,Background_SR_fail_SR_fail
136,Background_SR_fail_HIGH_bin_2-3,flatParam,Background_SR_fail_SR_fail
137,Background_SR_fail_HIGH_bin_3-3,flatParam,Background_SR_fail_SR_fail
138,Background_SR_fail_HIGH_bin_4-3,flatParam,Background_SR_fail_SR_fail
139,Background_SR_fail_HIGH_bin_1-4,flatParam,Background_SR_fail_SR_fail
140,Background_SR_fail_HIGH_bin_2-4,flatParam,Background_SR_fail_SR_fail
141,Background_SR_fail_HIGH_bin_3-4,flatParam,Background_SR_fail_SR_fail
142,Background_SR_fail_HIGH_bin_4-4,flatParam,Background_SR_fail_SR_fail
143,Background_SR_fail_HIGH_bin_1-5,flatParam,Background_SR_fail_SR_fail
144,Background_SR_fail_HIGH_bin_2-5,flatParam,Background_SR_fail_SR_fail
145,Background_SR_fail_HIGH_bin_3-5,flatParam,Background_SR_fail_SR_fail
146,Background_SR_fail_HIGH_bin_4-5,flatParam,Background_SR_fail_SR_fail
147,Background_SR_fail_HIGH_bin_1-6,flatParam,Background_SR_fail_SR_fail
148,Background_SR_fail_HIGH_bin_2-6,flatParam,Background_SR_fail_SR_fail
149,Background_SR_fail_HIGH_bin_3-6,flatParam,Background_SR_fail_SR_fail
150,Background_SR_fail_HIGH_bin_4-6,flatParam,Background_SR_fail_SR_fail
151,Background_SR_fail_HIGH_bin_1-7,flatParam,Background_SR_fail_SR_fail
152,Background_SR_fail_HIGH_bin_2-7,flatParam,Background_SR_fail_SR_fail
153,Background_SR_fail_HIGH_bin_3-7,flatParam,Background_SR_fail_SR_fail
154,Background_SR_fail_HIGH_bin_4-7,flatParam,Background_SR_fail_SR_fail
155,Background_SR_fail_HIGH_bin_1-8,flatParam,Background_SR_fail_SR_fail
156,Background_SR_fail_HIGH_bin_2-8,flatParam,Background_SR_fail_SR_fail
157,Background_SR_fail_HIGH_bin_3-8,flatParam,Background_SR_fail_SR_fail
158,Background_SR_fail_HIGH_bin_4-8,flatParam,Background_SR_fail_SR_fail
159,Background_SR_fail_HIGH_bin_1-9,flatParam,Background_SR_fail_SR_fail
160,Background_SR_fail_HIGH_bin_2-9,flatParam,Background_SR_fail_SR_fail
161,Background_SR_fail_HIGH_bin_3-9,flatParam,Background_SR_fail_SR_fail
162,Background_SR_fail_HIGH_bin_4-9,flatParam,Background_SR_fail_SR_fail
163,Background_SR_fail_HIGH_bin_2-10,flatParam,Background_SR_fail_SR_fail
164,Background_SR_fail_HIGH_bin_3-10,flatParam,Background_SR_fail_SR_fail
165,Background_SR_fail_HIGH_bin_4-10,flatParam,Background_SR_fail_SR_fail
166,Background_SR_fail_HIGH_bin_3-11,flatParam,Background_SR_fail_SR_fail
167,Background_SR_fail_HIGH_bin_4-11,flatParam,Background_SR_fail_SR_fail
168,Background_VR_fail_LOW_bin_1-1,flatParam,Background_VR_pass_0x0_VR_pass
169,Background_VR_fail_LOW_bin_2-1,flatParam,Background_VR_pass_0x0_VR_pass
170,Background_VR_fail_LOW_bin_3-1,flatParam,Background_VR_pass_0x0_VR_pass
171,Background_VR_fail_LOW_bin_1-2,flatParam,Background_VR_pass_0x0_VR_pass
172,Background_VR_fail_LOW_bin_2-2,flatParam,Background_VR_pass_0x0_VR_pass
173,Background_VR_fail_LOW_bin_3-2,flatParam,Background_VR_pass_0x0_VR_pass
174,Background_VR_fail_LOW_bin_1-3,flatParam,Background_VR_pass_0x0_VR_pass
175,Background_VR_fail_LOW_bin_2-3,flatParam,Background_VR_pass_0x0_VR_pass
176,Background_VR_fail_LOW_bin_3-3,flatParam,Background_VR_pass_0x0_VR_pass
177,Background_VR_fail_LOW_bin_1-4,flatParam,Background_VR_pass_0x0_VR_pass
178,Background_VR_fail_LOW_bin_2-4,flatParam,Background_VR_pass_0x0_VR_pass
179,Background_VR_fail_LOW_bin_3-4,flatParam,Background_VR_pass_0x0_VR_pass
180,Background_VR_fail_LOW_bin_1-5,flatParam,Background_VR_pass_0x0_VR_pass
181,Background_VR_fail_LOW_bin_2-5,flatParam,Background_VR_pass_0x0_VR_pass
182,Background_VR_fail_LOW_bin_3-5,flatParam,Background_VR_pass_0x0_VR_pass
183,Background_VR_fail_LOW_bin_2-6,flatParam,Background_VR_pass_0x0_VR_pass
184,Background_VR_fail_LOW_bin_3-6,flatParam,Background_VR_pass_0x0_VR_pass
185,Background_VR_fail_SIG_bin_1-1,flatParam,Background_VR_pass_0x0_VR_pass
186,Background_VR_fail_SIG_bin_2-1,flatParam,Background_VR_pass_0x0_VR_pass
187,Background_VR_fail_SIG_bin_3-1,flatParam,Background_VR_pass_0x0_VR_pass
188,Background_VR_fail_SIG_bin_1-2,flatParam,Background_VR_pass_0x0_VR_pass
189,Background_VR_fail_SIG_bin_2-2,flatParam,Background_VR_pass_0x0_VR_pass
190,Background_VR_fail_SIG_bin_3-2,flatParam,Background_VR_pass_0x0_VR_pass
191,Background_VR_fail_SIG_bin_1-3,flatParam,Background_VR_pass_0x0_VR_pass
192,Background_VR_fail_SIG_bin_2-3,flatParam,Background_VR_pass_0x0_VR_pass
193,Background_VR_fail_SIG_bin_3-3,flatParam,Background_VR_pass_0x0_VR_pass
194,Background_VR_fail_SIG_bin_1-4,flatParam,Background_VR_pass_0x0_VR_pass
195,Background_VR_fail_SIG_bin_2-4,flatParam,Background_VR_pass_0x0_VR_pass
196,Background_VR_fail_SIG_bin_3-4,flatParam,Background_VR_pass_0x0_VR_pass
197,Background_VR_fail_SIG_bin_1-5,flatParam,Background_VR_pass_0x0_VR_pass
198,Background_VR_fail_SIG_bin_2-5,flatParam,Background_VR_pass_0x0_VR_pass
199,Background_VR_fail_SIG_bin_3-5,flatParam,Background_VR_pass_0x0_VR_pass
200,Background_VR_fail_SIG_bin_1-6,flatParam,Background_VR_pass_0x0_VR_pass
201,Background_VR_fail_SIG_bin_2-6,flatParam,Background_VR_pass_0x0_VR_pass
202,Background_VR_fail_SIG_bin_3-6,flatParam,Background_VR_pass_0x0_VR_pass
203,Background_VR_fail_SIG_bin_1-7,flatParam,Background_VR_pass_0x0_VR_pass
204,Background_VR_fail_SIG_bin_2-7,flatParam,Background_VR_pass_0x0_VR_pass
205,Background_VR_fail_SIG_bin_3-7,flatParam,Background_VR_pass_0x0_VR_pass
206,Background_VR_fail_SIG_bin_1-8,flatParam,Background_VR_pass_0x0_VR_pass
207,Background_VR_fail_SIG_bin_2-8,flatParam,Background_VR_pass_0x0_VR_pass
208,Background_VR_fail_SIG_bin_3-8,flatParam,Background_VR_pass_0x0_VR_pass
209,Background_VR_fail_SIG_bin_2-9,flatParam,Background_VR_pass_0x0_VR_pass
210,Background_VR_fail_SIG_bin_3-9,flatParam,Background_VR_pass_0x0_VR_pass
211,Background_VR_fail_HIGH_bin_1-1,flatParam,Background_VR_pass_0x0_VR_pass
212,Background_VR_fail_HIGH_bin_2-1,flatParam,Background_VR_pass_0x0_VR_pass
213,Background_VR_fail_HIGH_bin_3-1,flatParam,Background_VR_pass_0x0_VR_pass
214,Background_VR_fail_HIGH_bin_4-1,flatParam,Background_VR_pass_0x0_VR_pass
215,Background_VR_fail_HIGH_bin_1-2,flatParam,Background_VR_pass_0x0_VR_pass
216,Background_VR_fail_HIGH_bin_2-2,flatParam,Background_VR_pass_0x0_VR_pass
217,Background_VR_fail_HIGH_bin_3-2,flatParam,Background_VR_pass_0x0_VR_pass
218,Background_VR_fail_HIGH_bin_4-2,flatParam,Background_VR_pass_0x0_VR_pass
219,Background_VR_fail_HIGH_bin_1-3,flatParam,Background_VR_pass_0x0_VR_pass
220,Background_VR_fail_HIGH_bin_2-3,flatParam,Background_VR_pass_0x0_VR_pass
221,Background_VR_fail_HIGH_bin_3-3,flatParam,Background_VR_pass_0x0_VR_pass
222,Background_VR_fail_HIGH_bin_4-3,flatParam,Background_VR_pass_0x0_VR_pass
223,Background_VR_fail_HIGH_bin_1-4,flatParam,Background_VR_pass_0x0_VR_pass
224,Background_VR_fail_HIGH_bin_2-4,flatParam,Background_VR_pass_0x0_VR_pass
225,Background_VR_fail_HIGH_bin_3-4,flatParam,Background_VR_pass_0x0_VR_pass
226,Background_VR_fail_HIGH_bin_4-4,flatParam,Background_VR_pass_0x0_VR_pass
227,Background_VR_fail_HIGH_bin_1-5,flatParam,Background_VR_pass_0x0_VR_pass
228,Background_VR_fail_HIGH_bin_2-5,flatParam,Background_VR_pass_0x0_VR_pass
229,Background_VR_fail_HIGH_bin_3-5,flatParam,Background_VR_pass_0x0_VR_pass
230,Background_VR_fail_HIGH_bin_4-5,flatParam,Background_VR_pass_0x0_VR_pass
231,Background_VR_fail_HIGH_bin_1-6,flatParam,Background_VR_pass_0x0_VR_pass
232,Background_VR_fail_HIGH_bin_2-6,flatParam,Background_VR_pass_0x0_VR_pass
233,Background_VR_fail_HIGH_bin_3-6,flatParam,Background_VR_pass_0x0_VR_pass
234,Background_VR_fail_HIGH_bin_4-6,flatParam,Background_VR_pass_0x0_VR_pass
235,Background_VR_fail_HIGH_bin_1-7,flatParam,Background_VR_pass_0x0_VR_pass
236,Background_VR_fail_HIGH_bin_2-7,flatParam,Background_VR_pass_0x0_VR_pass
237,Background_VR_fail_HIGH_bin_3-7,flatParam,Background_VR_pass_0x0_VR_pass
238,Background_VR_fail_HIGH_bin_4-7,flatParam,Background_VR_pass_0x0_VR_pass
239,Background_VR_fail_HIGH_bin_1-8,flatParam,Background_VR_pass_0x0_VR_pass
240,Background_VR_fail_HIGH_bin_2-8,flatParam,Background_VR_pass_0x0_VR_pass
241,Background_VR_fail_HIGH_bin_3-8,flatParam,Background_VR_pass_0x0_VR_pass
242,Background_VR_fail_HIGH_bin_4-8,flatParam,Background_VR_pass_0x0_VR_pass
243,Background_VR_fail_HIGH_bin_1-9,flatParam,Background_VR_pass_0x0_VR_pass
244,Background_VR_fail_HIGH_bin_2-9,flatParam,Background_VR_pass_0x0_VR_pass
245,Background_VR_fail_HIGH_bin_3-9,flatParam,Background_VR_pass_0x0_VR_pass
246,Background_VR_fail_HIGH_bin_4-9,flatParam,Background_VR_pass_0x0_VR_pass
247,Background_VR_fail_HIGH_bin_2-10,flatParam,Background_VR_pass_0x0_VR_pass
248,Background_VR_fail_HIGH_bin_3-10,flatParam,Background_VR_pass_0x0_VR_pass
249,Background_VR_fail_HIGH_bin_4-10,flatParam,Background_VR_pass_0x0_VR_pass
250,Background_VR_fail_HIGH_bin_3-11,flatParam,Background_VR_pass_0x0_VR_pass
251,Background_VR_fail_HIGH_bin_4-11,flatParam,Background_VR_pass_0x0_VR_pass
252,Background_rpf_0x0_par0,flatParam,Background_VR_pass_0x0_VR_pass
253,Background_SR_fail_LOW_bin_1-1,flatParam,Background_SR_pass_0x0_SR_pass
254,Background_SR_fail_LOW_bin_2-1,flatParam,Background_SR_pass_0x0_SR_pass
255,Background_SR_fail_LOW_bin_3-1,flatParam,Background_SR_pass_0x0_SR_pass
256,Background_SR_fail_LOW_bin_1-2,flatParam,Background_SR_pass_0x0_SR_pass
257,Background_SR_fail_LOW_bin_2-2,flatParam,Background_SR_pass_0x0_SR_pass
258,Background_SR_fail_LOW_bin_3-2,flatParam,Background_SR_pass_0x0_SR_pass
259,Background_SR_fail_LOW_bin_1-3,flatParam,Background_SR_pass_0x0_SR_pass
260,Background_SR_fail_LOW_bin_2-3,flatParam,Background_SR_pass_0x0_SR_pass
261,Background_SR_fail_LOW_bin_3-3,flatParam,Background_SR_pass_0x0_SR_pass
262,Background_SR_fail_LOW_bin_1-4,flatParam,Background_SR_pass_0x0_SR_pass
263,Background_SR_fail_LOW_bin_2-4,flatParam,Background_SR_pass_0x0_SR_pass
264,Background_SR_fail_LOW_bin_3-4,flatParam,Background_SR_pass_0x0_SR_pass
265,Background_SR_fail_LOW_bin_1-5,flatParam,Background_SR_pass_0x0_SR_pass
266,Background_SR_fail_LOW_bin_2-5,flatParam,Background_SR_pass_0x0_SR_pass
267,Background_SR_fail_LOW_bin_3-5,flatParam,Background_SR_pass_0x0_SR_pass
268,Background_SR_fail_LOW_bin_2-6,flatParam,Background_SR_pass_0x0_SR_pass
269,Background_SR_fail_LOW_bin_3-6,flatParam,Background_SR_pass_0x0_SR_pass
270,Background_SR_fail_SIG_bin_1-1,flatParam,Background_SR_pass_0x0_SR_pass
271,Background_SR_fail_SIG_bin_2-1,flatParam,Background_SR_pass_0x0_SR_pass
272,Background_SR_fail_SIG_bin_3-1,flatParam,Background_SR_pass_0x0_SR_pass
273,Background_SR_fail_SIG_bin_1-2,flatParam,Background_SR_pass_0x0_SR_pass
274,Background_SR_fail_SIG_bin_2-2,flatParam,Background_SR_pass_0x0_SR_pass
275,Background_SR_fail_SIG_bin_3-2,flatParam,Background_SR_pass_0x0_SR_pass
276,Background_SR_fail_SIG_bin_1-3,flatParam,Background_SR_pass_0x0_SR_pass
277,Background_SR_fail_SIG_bin_2-3,flatParam,Background_SR_pass_0x0_SR_pass
278,Background_SR_fail_SIG_bin_3-3,flatParam,Background_SR_pass_0x0_SR_pass
279,Background_SR_fail_SIG_bin_1-4,flatParam,Background_SR_pass_0x0_SR_pass
280,Background_SR_fail_SIG_bin_2-4,flatParam,Background_SR_pass_0x0_SR_pass
281,Background_SR_fail_SIG_bin_3-4,flatParam,Background_SR_pass_0x0_SR_pass
282,Background_SR_fail_SIG_bin_1-5,flatParam,Background_SR_pass_0x0_SR_pass
283,Background_SR_fail_SIG_bin_2-5,flatParam,Background_SR_pass_0x0_SR_pass
284,Background_SR_fail_SIG_bin_3-5,flatParam,Background_SR_pass_0x0_SR_pass
285,Background_SR_fail_SIG_bin_1-6,flatParam,Background_SR_pass_0x0_SR_pass
286,Background_SR_fail_SIG_bin_2-6,flatParam,Background_SR_pass_0x0_SR_pass
287,Background_SR_fail_SIG_bin_3-6,flatParam,Background_SR_pass_0x0_SR_pass
288,Background_SR_fail_SIG_bin_1-7,flatParam,Background_SR_pass_0x0_SR_pass
289,Background_SR_fail_SIG_bin_2-7,flatParam,Background_SR_pass_0x0_SR_pass
290,Background_SR_fail_SIG_bin_3-7,flatParam,Background_SR_pass_0x0_SR_pass
291,Background_SR_fail_SIG_bin_1-8,flatParam,Background_SR_pass_0x0_SR_pass
292,Background_SR_fail_SIG_bin_2-8,flatParam,Background_SR_pass_0x0_SR_pass
293,Background_SR_fail_SIG_bin_3-8,flatParam,Background_SR_pass_0x0_SR_pass
294,Background_SR_fail_SIG_bin_2-9,flatParam,Background_SR_pass_0x0_SR_pass
295,Background_SR_fail_SIG_bin_3-9,flatParam,Background_SR_pass_0x0_SR_pass
296,Background_SR_fail_HIGH_bin_1-1,flatParam,Background_SR_pass_0x0_SR_pass
297,Background_SR_fail_HIGH_bin_2-1,flatParam,Background_SR_pass_0x0_SR_pass
298,Background_SR_fail_HIGH_bin_3-1,flatParam,Background_SR_pass_0x0_SR_pass
299,Background_SR_fail_HIGH_bin_4-1,flatParam,Background_SR_pass_0x0_SR_pass
300,Background_SR_fail_HIGH_bin_1-2,flatParam,Background_SR_pass_0x0_SR_pass
301,Background_SR_fail_HIGH_bin_2-2,flatParam,Background_SR_pass_0x0_SR_pass
302,Background_SR_fail_HIGH_bin_3-2,flatParam,Background_SR_pass_0x0_SR_pass
303,Background_SR_fail_HIGH_bin_4-2,flatParam,Background_SR_pass_0x0_SR_pass
304,Background_SR_fail_HIGH_bin_1-3,flatParam,Background_SR_pass_0x0_SR_pass
305,Background_SR_fail_HIGH_bin_2-3,flatParam,Background_SR_pass_0x0_SR_pass
306,Background_SR_fail_HIGH_bin_3-3,flatParam,Background_SR_pass_0x0_SR_pass
307,Background_SR_fail_HIGH_bin_4-3,flatParam,Background_SR_pass_0x0_SR_pass
308,Background_SR_fail_HIGH_bin_1-4,flatParam,Background_SR_pass_0x0_SR_pass
309,Background_SR_fail_HIGH_bin_2-4,flatParam,Background_SR_pass_0x0_SR_pass
310,Background_SR_fail_HIGH_bin_3-4,flatParam,Background_SR_pass_0x0_SR_pass
311,Background_SR_fail_HIGH_bin_4-4,flatParam,Background_SR_pass_0x0_SR_pass
312,Background_SR_fail_HIGH_bin_1-5,flatParam,Background_SR_pass_0x0_SR_pass
313,Background_SR_fail_HIGH_bin_2-5,flatParam,Background_SR_pass_0x0_SR_pass
314,Background_SR_fail_HIGH_bin_3-5,flatParam,Background_SR_pass_0x0_SR_pass
315,Background_SR_fail_HIGH_bin_4-5,flatParam,Background_SR_pass_0x0_SR_pass
316,Background_SR_fail_HIGH_bin_1-6,flatParam,Background_SR_pass_0x0_SR_pass
317,Background_SR_fail_HIGH_bin_2-6,flatParam,Background_SR_pass_0x0_SR_pass
318,Background_SR_fail_HIGH_bin_3-6,flatParam,Background_SR_pass_0x0_SR_pass
319,Background_SR_fail_HIGH_bin_4-6,flatParam,Background_SR_pass_0x0_SR_pass
320,Background_SR_fail_HIGH_bin_1-7,flatParam,Background_SR_pass_0x0_SR_pass
321,Background_SR_fail_HIGH_bin_2-7,flatParam,Background_SR_pass_0x0_SR_pass
322,Background_SR_fail_HIGH_bin_3-7,flatParam,Background_SR_pass_0x0_SR_pass
323,Background_SR_fail_HIGH_bin_4-7,flatParam,Background_SR_pass_0x0_SR_pass
324,Background_SR_fail_HIGH_bin_1-8,flatParam,Background_SR_pass_0x0_SR_pass
325,Background_SR_fail_HIGH_bin_2-8,flatParam,Background_SR_pass_0x0_SR_pass
326,Background_SR_fail_HIGH_bin_3-8,flatParam,Background_SR_pass_0x0_SR_pass
327,Background_SR_fail_HIGH_bin_4-8,flatParam,Background_SR_pass_0x0_SR_pass
328,Background_SR_fail_HIGH_bin_1-9,flatParam,Background_SR_pass_0x0_SR_pass
329,Background_SR_fail_HIGH_bin_2-9,flatParam,Background_SR_pass_0x0_SR_pass
330,Background_SR_fail_HIGH_bin_3-9,flatParam,Background_SR_pass_0x0_SR_pass
331,Background_SR_fail_HIGH_bin_4-9,flatParam,Background_SR_pass_0x0_SR_pass
332,Background_SR_fail_HIGH_bin_2-10,flatParam,Background_SR_pass_0x0_SR_pass
333,Background_SR_fail_HIGH_bin_3-10,flatParam,Background_SR_pass_0x0_SR_pass
334,Background_SR_fail_HIGH_bin_4-10,flatParam,Background_SR_pass_0x0_SR_pass
335,Background_SR_fail_HIGH_bin_3-11,flatParam,Background_SR_pass_0x0_SR_pass
336,Background_SR_fail_HIGH_bin_4-11,flatParam,Background_SR_pass_0x0_SR_pass
337,Background_rpf_0x0_par0,flatParam,Background_SR_pass_0x0_SR_pass
